domain;rank;url;ground truth;auto_pT_5_5;auto_pT_5_10;auto_pT_5_25;auto_pT_5_50;auto_pT_5_100;auto_pT_5_200;auto_pT_5_500;auto_pT_5_1000;time_pT_5_5;time_pT_5_10;time_pT_5_25;time_pT_5_50;time_pT_5_100;time_pT_5_200;time_pT_5_500;time_pT_5_1000
youtube.com;2;https://www.youtube.com;["Hammer.js@2.0.2", "SPF"];["SPF:100.00!1", "Hammer.js:97.92!1"];["SPF:100.00!1", "Hammer.js:98.41!1"];["SPF:100.00!1", "Hammer.js:99.08!1"];["Hammer.js:98.6", "SPF:89.5"];["SPF:98.57!1", "Hammer.js:93.76!1"];["SPF:98.57!1", "Hammer.js:93.76!1"];["SPF:98.57!1", "Hammer.js:93.76!1"];["SPF:98.57!1", "Hammer.js:93.76!1"];122;121;127;114;120;115;107;117
amazon.com;3;https://www.amazon.com;["React", "Lo-Dash", "core-js", "Underscore"];["Lo-Dash:100.00!1", "Underscore:96.67!1"];["Lo-Dash:100.00!1", "Underscore:93.33!1"];["Lo-Dash:100.00!1", "Underscore:92.22!1", "core-js:75.89!1"];["Lo-Dash:100", "Underscore:92.0", "core-js:98.1"];["Lo-Dash:100.01!1", "Underscore:93.62!1", "core-js:66.60!1"];["Lo-Dash:100.01!1", "Underscore:93.10!1", "core-js:66.60!1"];["Lo-Dash:100.00!1", "Underscore:93.10!1", "core-js:66.60!1"];["Lo-Dash:100.00!1", "Underscore:93.10!1", "core-js:66.60!1"];90;94;91;94;89;90;89;93
imdb.com;5;https://www.imdb.com;["React", "Lo-Dash:100", "Underscore"];["Lo-Dash:100.00!1", "Underscore:96.67!1"];["Lo-Dash:100.00!1", "Underscore:93.33!1"];["Lo-Dash:100.00!1", "Underscore:92.22!1"];["Lo-Dash:100", "Underscore:92.0"];["Lo-Dash:100.01!1", "Underscore:93.62!1"];["Lo-Dash:100.01!1", "Underscore:93.10!1"];["Lo-Dash:100.00!1", "Underscore:93.10!1"];["Lo-Dash:100.00!1", "Underscore:93.10!1"];119;111;123;117;113;119;116;111
pornhub.com;7;https://www.pornhub.com;["jQuery@3.6.0", "jQuery UI@1.12.1", "Head JS"];["Head JS:100.00!1", "jQuery:100.00!1", "jQuery UI:100.00!1"];["jQuery:100.00!1", "jQuery UI:100.00!1", "Head JS:100.00!1"];["jQuery UI:100.00!1", "Head JS:100.00!1", "jQuery:99.91!1"];["Head JS:100.0", "jQuery:99.9", "jQuery UI:99.9"];["Head JS:100.00!1", "jQuery UI:99.91!1", "jQuery:99.89!1"];["Head JS:100.00!1", "jQuery:99.81!1", "jQuery UI:99.66!1"];["Head JS:100.00!1", "jQuery:98.98!1", "jQuery UI:98.82!1"];["Head JS:100.00!1", "jQuery:98.90!1", "jQuery UI:97.57!1"];92;92;97;93;94;87;91;99
merriam-webster.com;11;https://www.merriam-webster.com;["jQuery@3.6.3", "jQuery UI@1.13.2", "Vue", "core-js"];["jQuery:100.00!1"];["jQuery:100.00!1", "jQuery UI:79.56!1"];["jQuery:99.96!1", "core-js:79.76!1", "jQuery UI:77.39!1"];["jQuery:99.9", "jQuery UI:96.1", "core-js:74.0"];["jQuery:99.93!1", "core-js:73.99!1", "jQuery UI:72.15!1"];["jQuery:99.88!1", "core-js:73.99!1", "jQuery UI:66.07!1"];["jQuery:99.03!1", "core-js:73.99!1"];["jQuery:98.95!1", "core-js:73.99!1"];944;1481;463;1156;529;523;948;836
weather.com;14;https://www.weather.com;["React", "IfVisible.js", "Underscore"];["GreenSock JS:100.00!1", "Underscore:100.00!3"];["Underscore:100.00!3", "core-js:96.60!2"];[];["IfVisible.js:100", "Underscore:99.4"];["Underscore:99.64!3"];["Underscore:85.51!3"];["GreenSock JS:97.68!1", "Underscore:85.51!3", "core-js:63.54!2"];["Underscore:85.51!3"];3594;4600;3093;4380;3055;3753;2228;3539
espn.com;18;https://www.espn.com;["React", "Lo-Dash", "jQuery", "Moment.js", "Underscore", "Backbone", "Moment Timezone", "core-js", "Modernizr"];["Moment.js:100.00!2", "Backbone:100.00!1", "jQuery:100.00!1", "Lo-Dash:100.00!1", "Underscore:96.67!1", "core-js:96.10!1", "Modernizr:76.09!1", "Moment Timezone:66.67!1"];["jQuery:100.00!1", "Lo-Dash:100.00!1", "Moment.js:99.54!2", "Backbone:99.23!1", "core-js:97.15!1", "Moment Timezone:94.45!2", "Underscore:93.33!1", "Modernizr:74.94!1"];["Lo-Dash:100.00!1", "jQuery:99.91!1", "Backbone:97.70!1", "Moment.js:97.07!1", "core-js:95.55!1", "Underscore:92.22!1", "Moment Timezone:88.89!1", "Modernizr:71.04!1"];["Lo-Dash:100", "jQuery:99.8", "Moment.js:97.4", "Underscore:92.0", "Backbone:90.3", "Moment Timezone:89.4", "core-js:98.9", "Modernizr:62.2"];["Lo-Dash:100.01!1", "jQuery:99.81!1", "Moment.js:95.90!1", "core-js:95.00!1", "Backbone:93.69!1", "Underscore:93.62!1", "Moment Timezone:89.39!1", "Modernizr:59.91!1"];["Lo-Dash:100.01!1", "jQuery:99.64!1", "Moment.js:95.33!1", "core-js:94.50!1", "Backbone:93.69!1", "Underscore:93.10!1", "Moment Timezone:89.39!1", "Modernizr:59.91!1"];["Lo-Dash:100.00!1", "jQuery:98.52!1", "Moment.js:95.33!1", "core-js:93.78!1", "Backbone:93.69!1", "Underscore:93.10!1", "Moment Timezone:89.39!1", "Modernizr:59.91!1"];["Lo-Dash:100.00!1", "jQuery:98.38!1", "Moment.js:95.33!1", "core-js:93.78!1", "Backbone:93.69!1", "Underscore:93.10!1", "Moment Timezone:89.39!1", "Modernizr:59.91!1"];526;480;393;748;614;535;525;574
xnxx.com;21;https://www.xnxx.com;["jQuery@1.12.4", "RequireJS@2.3.6"];["jQuery:100.00!1", "RequireJS:100.00!1"];["jQuery:100.00!1", "RequireJS:99.26!1"];["jQuery:99.91!1", "RequireJS:99.33!1"];["jQuery:99.8", "RequireJS:99.4", "Dojo:64"];["jQuery:99.81!1", "RequireJS:99.34!1"];["jQuery:99.65!1", "RequireJS:99.34!1"];["RequireJS:99.34!1", "jQuery:98.55!1"];["RequireJS:99.34!1", "jQuery:98.42!1"];153;145;146;140;133;136;131;118
mayoclinic.org;22;https://www.mayoclinic.org;["jQuery@1.11.0", "jQuery UI@1.12.1"];["jQuery:100.00!1"];["jQuery:100.00!1", "jQuery UI:79.56!1"];["jQuery:99.91!1", "jQuery UI:77.39!1"];["jQuery:99.7", "jQuery UI:75.9"];["jQuery:99.74!1", "jQuery UI:71.94!1"];["jQuery:99.51!1", "jQuery UI:65.88!1"];["jQuery:98.31!1"];["jQuery:97.96!1"];182;184;183;179;176;166;157;148
rottentomatoes.com;25;https://www.rottentomatoes.com;["jQuery UI@1.12.1", "jQuery@3.4.0"];["jQuery:100.00!1", "jQuery UI:100.00!1"];["jQuery:100.00!1", "jQuery UI:100.00!1"];["jQuery UI:100.00!1", "jQuery:99.91!1"];["jQuery UI:99.9", "jQuery:99.9"];["jQuery UI:99.91!1", "jQuery:99.89!1"];["jQuery:99.75!1", "jQuery UI:99.66!1"];["jQuery:98.92!1", "jQuery UI:98.82!1"];["jQuery:98.82!1", "jQuery UI:97.57!1"];540;306;438;361;339;762;268;625
nfl.com;28;https://www.nfl.com;["jQuery@3.6.0", "RequireJS@2.3.5", "React"];["jQuery:100.00!1", "RequireJS:100.00!1"];["jQuery:100.00!1", "RequireJS:98.52!1"];["jQuery:99.91!1", "RequireJS:98.66!1"];["jQuery:99.9", "RequireJS:98.9"];["jQuery:99.89!1", "RequireJS:98.86!1"];["jQuery:99.81!1", "RequireJS:98.86!1"];["jQuery:98.98!1", "RequireJS:98.86!1"];["jQuery:98.90!1", "RequireJS:98.86!1"];146;138;141;141;147;217;141;142
mlb.com;29;https://www.mlb.com;["Lo-Dash@4.17.20", "jQuery@3.6.0", "React", "Underscore", "core-js@3.15.1"];["jQuery:100.00!1", "Lo-Dash:100.00!1", "Underscore:96.67!1"];["jQuery:100.00!1", "Lo-Dash:100.00!1", "Underscore:93.33!1"];["Lo-Dash:100.00!1", "jQuery:99.91!1", "Underscore:92.22!1", "core-js:77.42!1"];["Lo-Dash:100", "jQuery:99.9", "Underscore:92.0", "core-js:98.9"];["Lo-Dash:100.01!1", "jQuery:99.93!1", "Underscore:93.62!1", "core-js:76.75!1"];["Lo-Dash:100.01!1", "jQuery:99.85!1", "Underscore:93.10!1", "core-js:76.75!1"];["Lo-Dash:100.00!1", "jQuery:99.01!1", "Underscore:93.10!1", "core-js:76.75!1"];["Lo-Dash:100.00!1", "jQuery:98.94!1", "Underscore:93.10!1", "core-js:76.75!1"];10253;10078;9470;7205;9885;9402;9501;9249
ebay.com;35;https://www.ebay.com;["jQuery@3.5.1", "jQuery UI@1.10.2"];["jQuery:100.00!1"];["jQuery:100.00!1", "jQuery UI:79.56!1"];["jQuery:99.91!1", "jQuery UI:77.62!1"];["jQuery:99.9", "jQuery UI:76.2", "Dojo: 64"];["jQuery:99.89!1", "jQuery UI:72.57!1"];["jQuery:99.81!1", "jQuery UI:67.59!1"];["jQuery:98.92!1"];["jQuery:98.68!1"];205;201;180;163;171;215;165;171
cambridge.org;36;https://www.cambridge.org;["jQuery@3.6.0", "jQuery UI@1.13.1"];["jQuery:100.00!1", "jQuery UI:88.85!1"];["jQuery:100.00!1", "jQuery UI:87.50!1"];["jQuery:99.91!1", "jQuery UI:85.34!1"];["jQuery:99.9", "jQuery UI:83.8"];["jQuery:99.89!1", "jQuery UI:79.58!1"];["jQuery:99.81!1", "jQuery UI:73.18!1"];["jQuery:98.98!1"];["jQuery:98.90!1"];81;80;80;82;75;71;73;77
nih.gov;37;https://www.nih.gov;["jQuery@2.2.4", "FlexSlider"];["jQuery:100.00!1", "FlexSlider:96.49!1", "Isotope:62.73!1"];["jQuery:100.00!1", "FlexSlider:97.99!1"];["jQuery:99.91!1", "FlexSlider:90.48!1", "Isotope:54.20!1"];["jQuery:99.8", "FlexSlider:90.0", "Isotope:56.6"];["jQuery:99.81!1", "FlexSlider:91.68!1"];["jQuery:99.65!1", "FlexSlider:91.68!1", "Isotope:50.11!1"];["jQuery:98.55!1", "FlexSlider:91.68!1", "Isotope:50.11!1"];["jQuery:98.41!1", "FlexSlider:91.68!1", "Isotope:50.11!1"];91;91;90;87;89;84;75;71
xvideos.com;39;https://www.xvideos.com;["jQuery@1.12.4", "RequireJS@2.3.6"];["jQuery:100.00!1", "RequireJS:100.00!1"];["jQuery:100.00!1", "RequireJS:99.26!1"];["jQuery:99.91!1", "RequireJS:99.33!1"];["jQuery:99.8", "RequireJS:99.4", "Dojo:64.1"];["jQuery:99.81!1", "RequireJS:99.34!1"];["jQuery:99.65!1", "RequireJS:99.34!1"];["RequireJS:99.34!1", "jQuery:98.55!1"];["RequireJS:99.34!1", "jQuery:98.41!1"];160;153;156;134;146;146;148;137
cnn.com;42;https://www.cnn.com;["jQuery@1.12.3", "React", "Preact", "Modernizr@3.6.0", "Moment.js@2.29.4", "core-js"];["Moment.js:100.00!1", "jQuery:100.00!1", "Underscore:96.67!2", "core-js:95.69!1", "Modernizr:66.67!1"];["jQuery:100.00!1", "Moment.js:99.77!1", "Underscore:95.55!2", "Modernizr:66.67!1"];["jQuery:99.91!1", "Moment.js:99.80!1", "Underscore:96.67!2", "core-js:77.44!1", "Modernizr:66.67!1"];["Moment.js:99.8", "jQuery:99.8", "core-js:98.9", "React:81.9", "Preact:74.7", "Modernizr:69.8"];["jQuery:99.81!1", "Moment.js:99.81!1", "Underscore:95.83!2", "core-js:71.65!1", "Modernizr:58.66!1"];["Moment.js:99.84!1", "jQuery:99.65!1", "Underscore:95.34!2", "core-js:71.65!1", "Modernizr:58.66!1"];["Moment.js:99.84!1", "jQuery:98.55!1", "Underscore:95.34!2", "core-js:71.65!1", "Modernizr:58.66!1"];["Moment.js:99.84!1", "jQuery:98.42!1", "Underscore:95.34!2", "core-js:71.65!1", "Modernizr:58.66!1"];3090;1538;1543;1635;2776;2315;2094;2175
linkedin.com;45;https://www.linkedin.com;["core-js@2.6.11"];["core-js:96.6", "Handlebars:60.0", "RequireJS:42.0"];["core-js:96.6", "Handlebars:60.0", "RequireJS:42.0"];["core-js:96.6", "Handlebars:62.0", "RequireJS:49.1"];["core-js:98.9", "Handlebars:63.9", "RequireJS:51.6"];["core-js:98.9", "Handlebars:63.9", "RequireJS:51.6"];["core-js:98.9", "Handlebars:63.9", "RequireJS:51.6"];["core-js:98.9", "Handlebars:63.9", "RequireJS:51.6"];["core-js:98.9", "Handlebars:63.9", "RequireJS:51.6"];103;124;101;118;99;129;130;129
craigslist.org;46;https://www.craigslist.org;["jQuery@1.11.3", "jQuery UI@1.11.4"];["jQuery:100.00!1", "jQuery UI:100.00!1"];["jQuery:100.00!1", "jQuery UI:100.00!1"];["jQuery:99.91!1", "jQuery UI:99.89!1"];["jQuery:99.7", "jQuery UI:99.3"];["jQuery:99.74!1", "jQuery UI:99.18!1"];["jQuery:99.58!1", "jQuery UI:98.14!1"];["jQuery:98.54!1", "jQuery UI:94.32!1"];["jQuery:98.38!1", "jQuery UI:92.33!1"];96;91;99;143;92;93;91;89
netflix.com;48;https://www.netflix.com;["Underscore", "React"];["Underscore:96.67!1", "Lo-Dash:60.00!1"];["Underscore:93.33!1", "Lo-Dash:70.00!1"];["Underscore:96.67!1", "Lo-Dash:60.00!1"];["Underscore:96.9", "Lo-Dash:60"];["Underscore:95.52!1", "Lo-Dash:60.00!1"];["Underscore:95.16!1", "Lo-Dash:60.00!1"];["Underscore:95.16!1", "Lo-Dash:60.00!1"];["Underscore:95.16!1", "Lo-Dash:60.00!1"];64;64;65;89;51;55;50;49
cdc.gov;49;https://www.cdc.gov;["jQuery@3.6.1", "Bootstrap@4.5.0"];["jQuery:100.00!1", "Bootstrap:99.73!1"];["jQuery:100.00!1", "Bootstrap:95.66!1"];["jQuery:99.91!1", "Bootstrap:96.51!1"];["jQuery:99.9", "Bootstrap:91.6"];["jQuery:99.89!1", "Bootstrap:88.28!1"];["jQuery:99.81!1", "Bootstrap:85.94!1"];["jQuery:98.98!1", "Bootstrap:85.94!1"];["jQuery:98.89!1", "Bootstrap:85.94!1"];122;124;121;208;109;105;98;85
bestbuy.com;52;https://www.bestbuy.com;["React", "Lo-Dash@4.17.21", "core-js@3.28.0", "Underscore"];["Lo-Dash:100.00!1", "Underscore:96.67!1"];["Lo-Dash:100.00!1", "Underscore:93.33!1"];["Lo-Dash:100.00!1", "Underscore:92.22!1", "core-js:77.42!1"];["Lo-Dash:100", "Underscore:92.0", "core-js:89.1"];["Lo-Dash:100.01!1", "Underscore:93.62!1", "core-js:77.22!1"];["Lo-Dash:100.01!1", "Underscore:93.10!1", "core-js:77.22!1"];["Lo-Dash:100.00!1", "Underscore:93.10!1", "core-js:77.22!1"];["Lo-Dash:100.00!1", "Underscore:93.10!1", "core-js:77.22!1"];248;264;278;366;260;254;251;247
people.com;57;https://www.people.com;["Lo-Dash@4.17.21", "jQuery@3.6.3", "Underscore", "core-js@3.0.0"];["jQuery:100.00!1", "Lo-Dash:100.00!1", "Underscore:96.67!1"];["jQuery:100.00!1", "Lo-Dash:100.00!1", "Underscore:93.33!1"];["Lo-Dash:100.00!1", "jQuery:99.96!1", "Underscore:92.22!1", "core-js:70.45!1"];["Lo-Dash:100", "jQuery:99.9", "Underscore:92.0", "core-js:86.5"];["Lo-Dash:100.01!1", "jQuery:99.93!1", "Underscore:93.62!1", "core-js:61.64!1"];["Lo-Dash:100.01!1", "jQuery:99.88!1", "Underscore:93.10!1", "core-js:61.64!1"];["Lo-Dash:100.00!1", "jQuery:99.03!1", "Underscore:93.10!1", "core-js:61.64!1"];["Lo-Dash:100.00!1", "jQuery:98.95!1", "Underscore:93.10!1", "core-js:61.64!1"];171;152;164;272;232;153;158;160
forbes.com;58;https://www.forbes.com;["React", "IfVisible.js", "core-js"];[];[];["core-js:79.76!1"];["IfVisible.js:100", "core-js:94.9"];["core-js:74.47!1"];["core-js:74.47!1"];["core-js:74.47!1"];["core-js:74.47!1"];183;153;127;249;112;106;151;119
foxnews.com;59;https://www.foxnews.com;["Lo-Dash@4.17.4", "jQuery@3.1.1", "core-js@3.19.2", "Underscore"];["jQuery:100.00!1", "Lo-Dash:100.00!1", "Underscore:96.67!1"];["jQuery:100.00!1", "Lo-Dash:100.00!1", "Underscore:93.33!1"];["Lo-Dash:100.00!1", "jQuery:99.91!1", "Underscore:92.22!1", "core-js:77.44!1"];["Lo-Dash:100", "jQuery:99.9", "Underscore:92.0", "core-js:88.7"];["Lo-Dash:100.01!1", "jQuery:99.89!1", "Underscore:93.62!1", "core-js:68.32!1"];["Lo-Dash:100.01!1", "jQuery:99.75!1", "Underscore:93.10!1", "core-js:68.32!1"];["Lo-Dash:100.00!1", "jQuery:98.88!1", "Underscore:93.10!1", "core-js:68.32!1"];["Lo-Dash:100.00!1", "jQuery:98.71!1", "Underscore:93.10!1", "core-js:68.32!1"];1561;1922;1738;1832;1472;1663;1898;2224
ca.gov;61;https://www.ca.gov;["Bootstrap@4.6.0", "jQuery@3.4.1"];["jQuery:100.00!1", "Bootstrap:99.73!1"];["jQuery:100.00!1", "Bootstrap:95.66!1"];["jQuery:99.91!1", "Bootstrap:96.51!1"];["jQuery:99.9", "Bootstrap:91.6"];["jQuery:99.89!1", "Bootstrap:88.47!1"];["jQuery:99.75!1", "Bootstrap:86.08!1"];["jQuery:98.92!1", "Bootstrap:86.08!1"];["jQuery:98.80!1", "Bootstrap:86.08!1"];101;99;100;140;95;94;84;77
cnbc.com;62;https://www.cnbc.com;["jQuery@3.5.1", "React", "Hammer.js@2.0.7", "core-js@3.7.0", "IfVisible.js"];["jQuery:100.00!1", "IfVisible.js:100.00!2", "Lo-Dash:100.00!1", "Hammer.js:100.00!1", "Underscore:96.67!1"];["IfVisible.js:100.00!2", "jQuery:100.00!1", "Lo-Dash:100.00!1", "Hammer.js:100.00!1", "Underscore:93.33!1"];["Hammer.js:100.00!1", "Lo-Dash:100.00!1", "IfVisible.js:100.00!2", "jQuery:99.91!1", "Underscore:92.22!1", "core-js:76.65!1"];["IfVisible.js:100", "jQuery:99.9", "Hammer.js:92.8", "core-js:93.8"];["Lo-Dash:100.01!1", "IfVisible.js:100.00!2", "jQuery:99.89!1", "Hammer.js:97.95!1", "Underscore:93.62!1", "core-js:69.46!1"];["Lo-Dash:100.01!1", "IfVisible.js:100.00!2", "jQuery:99.81!1", "Hammer.js:97.95!1", "Underscore:93.10!1", "core-js:69.46!1"];["Lo-Dash:100.00!1", "IfVisible.js:100.00!2", "jQuery:98.98!1", "Hammer.js:97.95!1", "Underscore:93.10!1", "core-js:69.46!1"];["Lo-Dash:100.00!1", "IfVisible.js:100.00!2", "jQuery:98.87!1", "Hammer.js:97.95!1", "Underscore:93.10!1", "core-js:69.46!1"];692;712;762;991;684;685;568;657
usps.com;63;https://www.usps.com;["jQuery", "RequireJS", "Bootstrap", "core-js"];["jQuery:100.00!1", "RequireJS:100.00!2", "Bootstrap:99.73!1"];["jQuery:100.00!1", "RequireJS:98.52!2", "Bootstrap:95.66!1"];["jQuery:99.91!1", "RequireJS:98.66!2", "Bootstrap:96.51!1", "core-js:70.45!1"];["jQuery:99.9", "RequireJS:98.8", "Bootstrap:91.6", "core-js:86.5"];["jQuery:99.89!1", "RequireJS:98.77!2", "Bootstrap:88.14!1", "core-js:61.64!1"];["jQuery:99.81!1", "RequireJS:98.77!2", "Bootstrap:85.73!1", "core-js:61.64!1"];["jQuery:98.98!1", "RequireJS:98.77!2", "Bootstrap:85.73!1", "core-js:61.64!1"];["jQuery:98.87!1", "RequireJS:98.77!2", "Bootstrap:85.73!1", "core-js:61.64!1"];158;161;158;235;154;154;151;139
irs.gov;66;https://www.irs.gov;["jQuery@3.6.0", "Underscore@1.13.3", "jQuery UI@1.13.2"];["jQuery:100.00!1", "Underscore:96.67!1"];["jQuery:100.00!1", "Underscore:97.78!1", "jQuery UI:79.09!1"];["jQuery:99.91!1", "Underscore:98.89!1", "jQuery UI:77.16!1"];["jQuery:99.9", "Underscore:98.8", "jQuery UI:76.1"];["jQuery:99.89!1", "Underscore:99.32!1", "jQuery UI:72.36!1"];["jQuery:99.81!1", "Underscore:97.57!1", "jQuery UI:67.02!1"];["jQuery:98.98!1", "Underscore:97.57!1"];["jQuery:98.89!1", "Underscore:97.57!1"];169;173;172;258;166;160;160;149
usatoday.com;68;https://www.usatoday.com;["Underscore", "core-js@2.6.7", "jQuery"];["Underscore:96.67!3", "core-js:95.69!1", "jQuery:76.03!2"];["core-js:96.60!1", "Underscore:95.55!3", "jQuery:77.28!2"];["Underscore:96.67!3", "jQuery:77.00!2", "core-js:73.29!1"];["Underscore:96.9", "jQuery:77.9", "core-js:98.9"];["Underscore:95.83!3", "core-js:66.21!1", "jQuery:66.04!2"];["Underscore:95.34!3", "jQuery:66.63!2", "core-js:66.21!1"];["Underscore:95.34!3", "core-js:66.21!1", "jQuery:63.70!2"];["Underscore:95.34!3", "core-js:66.21!1", "jQuery:61.75!2"];676;808;1028;1985;673;801;1801;1309
macys.com;69;https://www.macys.com;["jQuery@3.5.1", "Backbone@1.2.3", "core-js@2.6.12"];["Backbone:100.00!1", "jQuery:100.00!1", "core-js:96.10!1"];["jQuery:100.00!1", "Backbone:99.23!1", "core-js:97.15!1", "Marionette:74.36!2"];["jQuery:99.91!1", "Backbone:97.70!1", "core-js:95.55!1", "Marionette:75.61!2"];["jQuery:99.9", "Backbone:90.3", "core-js:98.5"];["jQuery:99.89!1", "core-js:95.00!1", "Backbone:93.69!1", "Marionette:66.23!2"];["jQuery:99.81!1", "core-js:94.50!1", "Backbone:93.69!1", "Marionette:66.23!2"];["jQuery:98.98!1", "core-js:93.78!1", "Backbone:93.69!1", "Marionette:66.23!2"];["jQuery:98.87!1", "core-js:93.78!1", "Backbone:93.69!1", "Marionette:66.23!2"];282;265;310;592;298;297;308;351
apartments.com;72;https://www.apartments.com;["jQuery@1.12.4", "RequireJS@2.1.20", "yepnope", "Underscore@1.4.4", "Knockout@3.3.0", "Modernizr@2.8.3", "core-js@3.0.0"];["jQuery:100.00!1", "yepnope:100.00!1", "RequireJS:100.00!1", "Underscore:96.67!1", "Knockout:79.19!1", "Modernizr:66.67!1"];["jQuery:100.00!1", "RequireJS:98.52!1", "yepnope:91.67!1", "Underscore:91.11!1", "Knockout:81.67!1", "Modernizr:66.67!1"];["jQuery:99.91!1", "RequireJS:98.66!1", "yepnope:91.67!1", "Underscore:90.00!1", "Knockout:83.34!1", "core-js:70.45!1", "Modernizr:66.67!1"];["jQuery:99.8", "RequireJS:98.9", "yepnope:91.7", "Underscore:90.7", "Knockout: 82.1", "Modernizr:70.4", "core-js:95.2"];["jQuery:99.81!1", "RequireJS:98.86!1", "yepnope:91.67!1", "Underscore:90.45!1", "Knockout:70.92!1", "Modernizr:61.70!1", "core-js:61.64!1"];["jQuery:99.65!1", "RequireJS:98.86!1", "yepnope:91.67!1", "Underscore:91.04!1", "Knockout:72.26!1", "Modernizr:61.70!1", "core-js:61.64!1"];["RequireJS:98.86!1", "jQuery:98.55!1", "yepnope:91.67!1", "Underscore:91.04!1", "Knockout:75.58!1", "Modernizr:61.70!1", "core-js:61.64!1"];["RequireJS:98.86!1", "jQuery:98.42!1", "yepnope:91.67!1", "Underscore:91.04!1", "Knockout:71.58!1", "Modernizr:61.70!1", "core-js:61.64!1"];148;153;146;234;160;136;132;134
medlineplus.gov;75;https://www.medlineplus.gov;["jQuery UI@1.13.1", "jQuery@3.6.0"];["jQuery:100.00!1", "jQuery UI:100.00!1"];["jQuery:100.00!1", "jQuery UI:100.00!1"];["jQuery UI:100.00!1", "jQuery:99.91!1"];["jQuery UI:100", "jQuery:99.9"];["jQuery UI:100.02!1", "jQuery:99.89!1"];["jQuery:99.81!1", "jQuery UI:99.76!1"];["jQuery:98.98!1", "jQuery UI:98.93!1"];["jQuery:98.90!1", "jQuery UI:97.71!1"];66;70;73;103;71;67;67;64
marriott.com;76;https://www.marriott.com;["jQuery@3.6.0", "React", "Lo-Dash@4.17.21", "core-js@3.0.0", "Underscore"];["jQuery:100.00!1", "Lo-Dash:100.00!1", "Underscore:96.67!1"];["jQuery:100.00!1", "Lo-Dash:100.00!1", "Underscore:93.33!1"];["Lo-Dash:100.00!1", "jQuery:99.91!1", "Underscore:92.22!1"];["Lo-Dash:100", "jQuery:99.9", "Underscore:92.0", "core-js:98.1"];["Lo-Dash:100.01!1", "jQuery:99.89!1", "Underscore:93.62!1"];["Lo-Dash:100.01!1", "jQuery:99.81!1", "Underscore:93.10!1"];["Lo-Dash:100.00!1", "jQuery:98.98!1", "Underscore:93.10!1"];["Lo-Dash:100.00!1", "jQuery:98.90!1", "Underscore:93.10!1"];239;233;247;469;240;229;259;226
walgreens.com;80;https://www.walgreens.com;["jQuery@3.6.0", "jQuery UI@1.12.1", "React", "Handlebars"];["jQuery:100.00!1", "jQuery UI:88.85!1"];["jQuery:100.00!1", "jQuery UI:88.55!1"];["jQuery:99.91!1", "jQuery UI:86.14!1"];["jQuery:99.9", "Handlebars:98.5", "jQuery UI:84.8"];["jQuery:99.89!1", "jQuery UI:80.74!1"];["jQuery:99.81!1", "jQuery UI:74.79!1"];["jQuery:98.98!1", "jQuery UI:56.90!1"];["jQuery:98.89!1", "jQuery UI:54.09!1"];228;228;213;1452;217;214;210;205
cbssports.com;82;https://www.cbssports.com;["jQuery@1.8.3", "React", "Modernizr@2.8.3(Modified)", "RequireJS@2.3.5"];["jQuery:100.00!1", "RequireJS:100.00!1"];["jQuery:100.00!1", "RequireJS:98.52!1", "Hammer.js:98.41!2"];["jQuery:99.91!1", "RequireJS:98.66!1", "core-js:74.32!1"];["jQuery:99.6", "RequireJS:98.9"];["jQuery:99.00!1", "RequireJS:98.86!1", "core-js:66.17!1", "Modernizr:52.98!1"];["jQuery:99.02!1", "RequireJS:98.86!1", "Backbone:93.69!1", "Underscore:91.04!1", "core-js:66.17!1", "Marionette:65.90!1", "Modernizr:52.98!1"];["RequireJS:98.86!1", "jQuery:97.80!1", "Backbone:93.69!1", "Underscore:91.04!1", "core-js:66.17!1", "Marionette:65.90!1", "Modernizr:52.98!1"];["RequireJS:98.86!1", "jQuery:96.66!1", "Backbone:93.69!1", "Underscore:91.04!1", "core-js:66.17!1", "Marionette:65.90!1", "Modernizr:52.98!1"];2767;3502;2595;3828;2897;3094;2153;2760
doordash.com;86;https://www.doordash.com;["Lo-Dash@4.17.21", "core-js@2.6.12", "Underscore", "React"];["Lo-Dash:100.00!1", "Underscore:96.67!1"];["Lo-Dash:100.00!1", "Underscore:93.33!1"];["Lo-Dash:100.00!1", "Underscore:92.22!1", "core-js:78.99!1"];["Lo-Dash:100", "Underscore:92.0", "core-js:97.3"];["Lo-Dash:100.01!1", "Underscore:93.62!1", "core-js:73.37!1"];["Lo-Dash:100.01!1", "Underscore:93.10!1", "core-js:73.37!1"];["Lo-Dash:100.00!1", "Underscore:93.10!1", "core-js:73.37!1"];["Lo-Dash:100.00!1", "Underscore:93.10!1", "core-js:73.37!1"];235;222;228;388;234;227;249;240
foxsports.com;87;https://www.foxsports.com;["Lo-Dash@4.17.21", "Underscore", "core-js@3.18.3", "Vue"];["Lo-Dash:100.00!1", "Underscore:100.00!3"];["Lo-Dash:100.00!1", "Underscore:100.00!3"];["Lo-Dash:100.00!1", "Underscore:92.22!1", "core-js:80.54!1"];["Lo-Dash:100", "Underscore:99.4", "core-js:98.1"];["Lo-Dash:100.01!1", "Underscore:99.64!3", "core-js:73.18!1"];["Lo-Dash:100.01!1", "Underscore:93.10!1", "core-js:73.18!1"];["Lo-Dash:100.00!1", "Underscore:93.10!1", "core-js:73.18!1"];["Lo-Dash:100.00!1", "Underscore:93.10!1", "core-js:73.18!1"];341;231;285;366;335;277;311;275
nhl.com;94;https://www.nhl.com;["Bootstrap@3.3.2", "jQuery@1.9.1", "RequireJS@2.1.22", "core-js@3.0.0", "Moment.js", "Moment Timezone", "Handlebars"];["jQuery:100.00!1", "Handlebars:100.00!3", "RequireJS:100.00!1", "Moment.js:97.60!3", "core-js:96.10!1", "Moment Timezone:66.67!3"];["jQuery:100.00!1", "Handlebars:99.29!3", "RequireJS:98.52!1", "Moment.js:97.22!3", "core-js:97.15!1", "Moment Timezone:94.45!3"];["jQuery:99.91!1", "RequireJS:98.66!1", "Moment.js:97.07!3", "core-js:95.55!1", "Moment Timezone:95.23!3", "Handlebars:90.47!3"];["jQuery:99.7", "RequireJS:98.9", "Moment.js:97.7", "Moment Timezone:97.0", "Handlebars:96.0", "core-js:95.8"];["jQuery:99.08!1", "RequireJS:98.86!1", "Moment.js:96.22!3", "Handlebars:96.14!3", "Moment Timezone:95.45!3", "core-js:95.00!1"];["jQuery:99.09!1", "RequireJS:98.86!1", "Handlebars:96.14!3", "Moment.js:95.64!3", "Moment Timezone:95.45!3", "core-js:94.50!1"];["RequireJS:98.86!1", "jQuery:98.12!1", "Handlebars:96.14!3", "Moment.js:95.64!3", "Moment Timezone:95.45!3", "core-js:93.78!1"];["RequireJS:98.86!1", "jQuery:97.15!1", "Handlebars:96.14!3", "Moment.js:95.64!3", "Moment Timezone:95.45!3", "core-js:93.78!1"];190;182;181;303;185;187;168;175
hulu.com;96;https://www.hulu.com;["Lo-Dash@4.17.20", "core-js@2.5.7", "React", "Underscore"];["Lo-Dash:100.00!1", "Underscore:96.67!1"];["Lo-Dash:100.00!1", "Underscore:93.33!1"];["Lo-Dash:100.00!1", "Underscore:92.22!1", "core-js:76.65!1"];["Lo-Dash:100", "Underscore:92.0", "core-js:91.3"];["Lo-Dash:100.01!1", "Underscore:93.62!1", "core-js:71.36!1"];["Lo-Dash:100.01!1", "Underscore:93.10!1", "core-js:71.36!1"];["Lo-Dash:100.00!1", "Underscore:93.10!1", "core-js:71.36!1"];["Lo-Dash:100.00!1", "Underscore:93.10!1", "core-js:71.36!1"];121;115;131;169;119;90;108;100
nps.gov;98;https://www.nps.gov;["jQuery@1.12.4", "Modernizr@3.6.0", "core-js@2.5.7", "Bootstrap"];["jQuery:100.00!1", "Bootstrap:100.00!1", "core-js:95.69!1", "Modernizr:94.76!1"];["jQuery:100.00!1", "Bootstrap:100.00!1", "Modernizr:92.05!1"];["Bootstrap:100.00!1", "jQuery:99.91!1", "Modernizr:83.22!1", "core-js:70.45!1"];["Bootstrap:100", "jQuery:99.8", "Modernizr:65.3", "core-js:98.9"];["jQuery:99.81!1", "Bootstrap:99.54!1", "Modernizr:66.49!1", "core-js:60.68!1"];["jQuery:99.65!1", "Bootstrap:99.16!1", "Modernizr:66.49!1", "core-js:60.68!1"];["Bootstrap:99.17!1", "jQuery:98.55!1", "Modernizr:66.49!1", "core-js:60.68!1"];["Bootstrap:99.17!1", "jQuery:98.42!1", "Modernizr:66.49!1", "core-js:60.68!1"];92;91;90;133;88;88;88;88
onlyfans.com;100;https://www.onlyfans.com;["Hammer.js@2.0.7", "Vue", "core-js@3.23.3"];["Hammer.js:100.00!1"];["Hammer.js:100.00!1"];["Hammer.js:100.00!1", "core-js:74.32!1"];["Hammer.js:92.8", "core-js:97.6"];["Hammer.js:97.95!1", "core-js:67.60!1"];["Hammer.js:97.95!1", "core-js:67.60!1"];["Hammer.js:97.95!1", "core-js:67.60!1"];["Hammer.js:97.95!1", "core-js:67.60!1"];83;85;86;125;78;75;81;66
att.com;101;https://www.att.com;["jQuery@3.6.0", "Lo-Dash@4.17.21", "core-js@3.22.0", "Underscore"];["jQuery:100.00!1", "Lo-Dash:100.00!1", "Underscore:96.67!1"];["jQuery:100.00!1", "Lo-Dash:100.00!1", "Underscore:93.33!1"];["Lo-Dash:100.00!1", "jQuery:99.91!1", "Underscore:92.22!1", "core-js:79.76!1"];["Lo-Dash:100.01!1", "jQuery:99.92!1", "core-js:98.90!1", "Underscore:91.97!1"];["Lo-Dash:100.01!1", "jQuery:99.93!1", "Underscore:93.62!1", "core-js:73.99!1"];["Lo-Dash:100.01!1", "jQuery:99.85!1", "Underscore:93.10!1", "core-js:73.99!1"];["Lo-Dash:100.00!1", "jQuery:99.01!1", "Underscore:93.10!1", "core-js:73.99!1"];["Lo-Dash:100.00!1", "jQuery:98.94!1", "Underscore:93.10!1", "core-js:73.99!1"];340;326;337;504;339;341;295;330
themoviedb.org;103;https://www.themoviedb.org;["Kendo UI", "jQuery@3.6.0", "Pusher"];["jQuery:100.00!1", "Kendo UI:100.00!1", "Pusher:100.00!1"];["Kendo UI:100.00!1", "jQuery:100.00!1", "Pusher:99.42!1"];["Kendo UI:100.00!1", "jQuery:99.91!1", "Pusher:99.50!1"];["Kendo UI:99.89!1", "jQuery:99.87!1", "Pusher:99.55!1"];["Kendo UI:99.97!1", "jQuery:99.89!1", "Pusher:99.57!1"];["jQuery:99.81!1", "Kendo UI:99.74!1", "Pusher:99.57!1"];["Pusher:99.57!1", "jQuery:98.98!1", "Kendo UI:98.08!1"];["Pusher:99.57!1", "jQuery:98.87!1", "Kendo UI:97.59!1"];210;204;209;327;208;199;197;197
marketwatch.com;104;https://www.marketwatch.com;["Highcharts@2.1.8", "jQuery@2.2.4", "core-js@3.25.1", "Underscore"];["jQuery:100.00!1", "Underscore:96.67!1", "Numeral.js:71.56!1", "Highcharts:70.84!1", "Lo-Dash:60.00!1"];["jQuery:100.00!1", "Underscore:93.33!1", "Highcharts:74.12!1", "Numeral.js:70.92!1", "Lo-Dash:70.00!1"];["jQuery:99.91!1", "Underscore:96.67!1", "core-js:79.76!1", "Highcharts:74.18!1", "Numeral.js:61.10!1", "Lo-Dash:60.00!1"];["jQuery:99.77!1", "Highcharts:98.51!1", "Underscore:96.90!1", "core-js:94.92!1", "Lo-Dash:60.00!1", "Numeral.js:58.42!1"];["jQuery:99.81!1", "Underscore:95.52!1", "Highcharts:74.22!1", "core-js:73.04!1", "Lo-Dash:60.00!1", "Numeral.js:56.54!1"];["jQuery:99.65!1", "Underscore:95.16!1", "core-js:73.04!1", "Highcharts:65.03!1", "Lo-Dash:60.00!1", "Numeral.js:56.54!1"];["jQuery:98.44!1", "Underscore:95.16!1", "core-js:73.04!1", "Highcharts:60.69!1", "Lo-Dash:60.00!1", "Numeral.js:56.54!1"];["jQuery:98.31!1", "Underscore:95.16!1", "core-js:73.04!1", "Lo-Dash:60.00!1", "Highcharts:58.71!1", "Numeral.js:56.54!1"];2085;1822;2029;1482;2375;2102;1720;979
nypost.com;106;https://www.nypost.com;["jQuery@3.6.0", "Lo-Dash@4.17.21", "core-js@2.6.5", "Underscore"];["jQuery:100.00!1", "Lo-Dash:100.00!1", "AMP:99.01!2", "Underscore:96.67!1", "core-js:95.69!1"];["jQuery:100.00!1", "Lo-Dash:100.00!1", "AMP:98.84!2", "core-js:96.88!1", "Underscore:93.33!1"];["Lo-Dash:100.00!1", "jQuery:99.91!1", "AMP:99.20!2", "Underscore:92.22!1", "core-js:79.76!1"];["Lo-Dash:100.01!1", "jQuery:99.92!1", "core-js:98.90!1", "Underscore:91.97!1"];["Lo-Dash:100.01!1", "jQuery:99.89!1", "Underscore:93.62!1", "core-js:74.47!1"];["Lo-Dash:100.01!1", "jQuery:99.81!1", "Underscore:93.10!1", "core-js:74.47!1"];["Lo-Dash:100.00!1", "jQuery:98.98!1", "Underscore:93.10!1", "core-js:74.47!1"];["Lo-Dash:100.00!1", "jQuery:98.90!1", "Underscore:93.10!1", "AMP:88.63!2", "core-js:74.47!1"];2070;2132;3370;3403;2246;3952;4824;2523
chase.com;107;https://www.chase.com;["jQuery@1.12.2", "RequireJS@2.1.15", "Underscore@1.8.3"];["jQuery:100.00!1", "RequireJS:100.00!1", "Underscore:96.67!1"];["jQuery:100.00!1", "RequireJS:98.52!1", "Underscore:95.55!1"];["jQuery:99.91!1", "RequireJS:98.66!1", "Underscore:97.78!1"];["jQuery:99.77!1", "RequireJS:98.88!1", "Underscore:97.52!1"];["jQuery:99.81!1", "RequireJS:98.77!1", "Underscore:96.15!1"];["jQuery:99.65!1", "RequireJS:98.77!1", "Underscore:95.51!1"];["RequireJS:98.77!1", "jQuery:98.55!1", "Underscore:95.51!1"];["RequireJS:98.77!1", "jQuery:98.41!1", "Underscore:95.51!1"];107;108;101;174;109;107;106;105
bbc.com;108;https://www.bbc.com;["jQuery@1.9.1", "Modernizr@3.6.0", "Underscore@1.8.3", "RequireJS@2.3.2", "core-js"];["jQuery:100.00!1", "RequireJS:100.00!1", "Underscore:96.67!1", "Modernizr:66.67!1"];["jQuery:100.00!1", "RequireJS:98.52!1", "Underscore:95.55!1", "Modernizr:66.67!1"];["jQuery:99.91!1", "RequireJS:98.66!1", "Underscore:96.67!1", "core-js:73.55!1", "Modernizr:66.67!1"];["jQuery:99.67!1", "RequireJS:98.88!1", "Underscore:96.90!1", "core-js:92.03!1", "Modernizr:69.75!1"];["jQuery:99.08!1", "RequireJS:98.86!1", "Underscore:95.83!1", "core-js:66.50!1", "Modernizr:58.66!1"];["jQuery:99.09!1", "RequireJS:98.86!1", "Underscore:95.34!1", "core-js:66.50!1", "Modernizr:58.66!1"];["RequireJS:98.86!1", "jQuery:98.12!1", "Underscore:95.34!1", "core-js:66.50!1", "Modernizr:58.66!1"];["RequireJS:98.86!1", "jQuery:97.15!1", "Underscore:95.34!1", "core-js:66.50!1", "Modernizr:58.66!1"];289;280;295;391;242;245;296;236
fedex.com;109;https://www.fedex.com;["Lo-Dash@4.17.21", "Underscore", "jQuery UI@1.12.1", "jQuery@1.12.4", "Moment.js@2.29.1", "Moment Timezone@0.5.27"];["Moment.js:100.00!1", "jQuery:100.00!1", "jQuery UI:100.00!1", "Lo-Dash:100.00!1", "Underscore:96.67!1", "Moment Timezone:66.67!1"];["jQuery:100.00!1", "Lo-Dash:100.00!1", "jQuery UI:100.00!1", "Moment.js:99.54!1", "Underscore:93.33!1", "Moment Timezone:83.33!1"];["Lo-Dash:100.00!1", "jQuery UI:100.00!1", "jQuery:99.91!1", "Moment.js:99.38!1", "Underscore:93.33!1", "Moment Timezone:88.89!1"];["Lo-Dash:100.01!1", "jQuery UI:99.89!1", "jQuery:99.82!1", "Moment.js:99.50!1", "Underscore:92.58!1", "Moment Timezone:89.39!1"];["Lo-Dash:100.01!1", "jQuery UI:99.91!1", "jQuery:99.84!1", "Moment.js:99.48!1", "Underscore:93.93!1", "Moment Timezone:89.39!1"];["Lo-Dash:100.01!1", "jQuery:99.68!1", "jQuery UI:99.66!1", "Moment.js:99.54!1", "Underscore:93.27!1", "Moment Timezone:89.39!1"];["Lo-Dash:100.00!1", "Moment.js:99.54!1", "jQuery UI:98.79!1", "jQuery:98.58!1", "Underscore:93.27!1", "Moment Timezone:89.39!1"];["Lo-Dash:100.00!1", "Moment.js:99.54!1", "jQuery:98.45!1", "jQuery UI:97.54!1", "Underscore:93.27!1", "Moment Timezone:89.39!1"];173;172;166;340;166;177;182;180
ups.com;112;https://www.ups.com;["Bootstrap@4.6.0", "jQuery@3.6.0", "core-js"];["jQuery:100.00!1", "Bootstrap:99.73!1"];["jQuery:100.00!1", "Bootstrap:95.66!1"];["jQuery:99.91!1", "Bootstrap:96.51!1", "core-js:77.42!1"];["jQuery:99.87!1", "core-js:93.82!1", "Bootstrap:91.59!1"];["jQuery:99.89!1", "Bootstrap:88.47!1", "core-js:70.08!1"];["jQuery:99.81!1", "Bootstrap:86.08!1", "core-js:70.08!1"];["jQuery:98.98!1", "Bootstrap:86.08!1", "core-js:70.08!1"];["jQuery:98.90!1", "Bootstrap:86.08!1", "core-js:70.08!1"];291;282;283;451;297;285;276;263
kohls.com;118;https://www.kohls.com;["jQuery@3.3.1", "SWFObject", "FlexSlider", "core-js"];["SWFObject:100.00!1", "jQuery:100.00!1", "FlexSlider:96.49!1"];["jQuery:100.00!1", "SWFObject:100.00!1", "FlexSlider:97.99!1"];["jQuery:99.91!1", "FlexSlider:90.48!1", "SWFObject:88.10!1", "core-js:76.65!1"];["jQuery:99.87!1", "FlexSlider:90.53!1", "core-js:90.52!1", "SWFObject:88.10!1"];["jQuery:99.89!1", "FlexSlider:91.41!1", "SWFObject:88.10!1", "core-js:68.03!1"];["jQuery:99.75!1", "FlexSlider:91.41!1", "SWFObject:88.10!1", "core-js:68.03!1"];["jQuery:98.92!1", "FlexSlider:91.41!1", "SWFObject:88.10!1", "core-js:68.03!1"];["jQuery:98.76!1", "FlexSlider:91.41!1", "SWFObject:88.10!1", "core-js:68.03!1"];1022;723;696;1162;551;652;450;432
toyota.com;119;https://www.toyota.com;["jQuery@2.1.3", "Modernizr@2.8.3", "Underscore@1.13.1", "Handlebars@4.7.7", "core-js"];["Modernizr:100.00!1", "jQuery:100.00!1", "Handlebars:100.00!1", "Underscore:96.67!2", "core-js:96.10!1"];["jQuery:100.00!1", "Handlebars:100.00!1", "Underscore:97.78!2", "Modernizr:97.30!1", "core-js:97.28!1"];["jQuery:99.91!1", "Handlebars:99.74!1", "Underscore:98.89!2", "core-js:95.69!1", "Modernizr:88.46!1"];["jQuery:99.67!1", "Handlebars:99.59!1", "core-js:98.90!1", "Underscore:98.75!2", "Modernizr:76.58!1"];["jQuery:99.74!1", "Underscore:99.32!2", "Handlebars:98.30!1", "core-js:95.12!1", "Modernizr:75.50!1"];["jQuery:99.58!1", "Handlebars:98.30!1", "Underscore:97.40!2", "core-js:94.61!1", "Modernizr:75.50!1"];["jQuery:98.35!1", "Handlebars:98.30!1", "Underscore:97.40!2", "core-js:93.89!1", "Modernizr:75.50!1"];["Handlebars:98.30!1", "jQuery:98.20!1", "Underscore:97.40!2", "core-js:93.89!1", "Modernizr:75.50!1"];289;285;288;387;292;266;264;291
bankofamerica.com;121;https://www.bankofamerica.com;["Lo-Dash@4.17.21", "RequireJS@2.2.0", "Underscore", "core-js"];["Lo-Dash:100.00!1", "RequireJS:100.00!1", "Underscore:96.67!1", "core-js:96.10!1"];["Lo-Dash:100.00!1", "RequireJS:98.52!1", "core-js:97.15!1", "Underscore:93.33!1"];["Lo-Dash:100.00!1", "RequireJS:98.66!1", "core-js:95.55!1", "Underscore:92.22!1"];["Lo-Dash:100.01!1", "core-js:98.90!1", "RequireJS:98.88!1", "Underscore:91.97!1"];["Lo-Dash:100.01!1", "RequireJS:98.86!1", "core-js:95.00!1", "Underscore:93.62!1"];["Lo-Dash:100.01!1", "RequireJS:98.86!1", "core-js:94.83!1", "Underscore:93.10!1"];["Lo-Dash:100.00!1", "RequireJS:98.86!1", "core-js:94.08!1", "Underscore:93.10!1"];["Lo-Dash:100.00!1", "RequireJS:98.86!1", "core-js:94.08!1", "Underscore:93.10!1"];145;148;150;214;139;140;142;138
npr.org;122;https://www.npr.org;["jQuery@2.2.4", "React", "Modernizr@2.8.3", "IfVisible.js", "core-js"];["jQuery:100.00!1", "IfVisible.js:100.00!2", "core-js:96.10!1", "Modernizr:66.67!1"];["IfVisible.js:100.00!2", "jQuery:100.00!1", "core-js:97.15!1", "Modernizr:74.78!1"];["IfVisible.js:100.00!2", "jQuery:99.91!1", "core-js:95.55!1", "Modernizr:72.44!1"];["IfVisible.js:100.00!2", "jQuery:99.77!1", "core-js:98.90!1", "Modernizr:75.31!1", "Underscore:67.28!1"];["IfVisible.js:100.00!2", "jQuery:99.81!1", "core-js:95.00!1", "Underscore:67.62!1", "Modernizr:66.99!1"];["IfVisible.js:100.00!2", "jQuery:99.65!1", "core-js:94.50!1", "Modernizr:66.99!1", "Underscore:54.02!1"];["IfVisible.js:100.00!2", "jQuery:98.55!1", "core-js:93.78!1", "Modernizr:66.99!1", "Underscore:54.02!1"];["IfVisible.js:100.00!2", "jQuery:98.42!1", "core-js:93.78!1", "Modernizr:66.99!1", "Underscore:54.02!1"];1323;1138;1395;1213;783;1215;1212;1271
speedtest.net;123;https://www.speedtest.net;["Lo-Dash@4.17.21", "jQuery@3.6.0", "React", "core-js", "Backbone@1.4.0", "Velocity.js", "Underscore"];["Backbone:100.00!1", "jQuery:100.00!1", "Lo-Dash:100.00!1", "Underscore:96.67!1", "core-js:96.10!1", "Velocity.js:91.54!2"];["jQuery:100.00!1", "Lo-Dash:100.00!1", "Backbone:99.23!1", "core-js:97.15!1", "Underscore:93.33!1", "Velocity.js:91.67!2"];["Lo-Dash:100.00!1", "jQuery:99.91!1", "Backbone:97.70!1", "core-js:95.55!1", "Underscore:92.22!1", "Velocity.js:89.28!2"];["Lo-Dash:100.01!1", "jQuery:99.87!1", "core-js:98.90!1", "Underscore:91.97!1", "Backbone:90.74!1", "Velocity.js:88.48!2"];["Lo-Dash:100.01!1", "jQuery:99.89!1", "core-js:95.00!1", "Backbone:94.07!1", "Underscore:93.62!1", "Velocity.js:86.73!2"];["Lo-Dash:100.01!1", "jQuery:99.81!1", "core-js:94.50!1", "Backbone:94.07!1", "Underscore:93.10!1", "Velocity.js:86.90!2"];["Lo-Dash:100.00!1", "jQuery:98.98!1", "Backbone:94.07!1", "core-js:93.78!1", "Underscore:93.10!1", "Velocity.js:86.90!2"];["Lo-Dash:100.00!1", "jQuery:98.90!1", "Backbone:94.07!1", "core-js:93.78!1", "Underscore:93.10!1", "Velocity.js:86.90!2"];136;199;130;217;140;135;191;137
dailymail.co.uk;125;https://www.dailymail.co.uk;["jQuery@1.10.2", "Ext JS@3.1.0-MOL", "React", "core-js"];["jQuery:100.00!1", "React:100.00!3", "Ext JS:85.97!1"];["React:100.00!3", "jQuery:100.00!1", "Ext JS:77.80!1"];["jQuery:99.91!1", "React:98.14!3", "Ext JS:76.15!1", "core-js:75.89!1"];["jQuery:99.67!1", "core-js:96.02!1", "React:83.16!3", "Ext JS:75.43!1"];["jQuery:99.74!1", "AMP:98.63!2", "React:81.80!3", "Ext JS:73.97!1", "core-js:73.27!1"];["jQuery:99.51!1", "React:81.80!3", "Ext JS:73.64!1", "core-js:73.27!1"];["jQuery:98.20!1", "AMP:91.46!2", "React:81.80!3", "core-js:73.27!1", "Ext JS:63.24!1"];["jQuery:97.82!1", "AMP:88.63!2", "React:81.80!3", "core-js:73.27!1", "Ext JS:63.19!1"];3895;4544;4250;3698;4428;3380;3962;4130
dickssportinggoods.com;137;https://www.dickssportinggoods.com;["React", "core-js@3.19.1", "jQuery@3.4.1", "Bootstrap@4.0.0"];["jQuery:100.00!1", "Bootstrap:99.73!1"];["jQuery:100.00!1", "Bootstrap:95.66!1"];["jQuery:99.91!1", "Bootstrap:95.21!1", "core-js:77.42!1"];["jQuery:99.87!1", "core-js:98.90!1", "Bootstrap:90.29!1"];["jQuery:99.89!1", "Bootstrap:86.27!1", "core-js:75.79!1"];["jQuery:99.75!1", "Bootstrap:83.65!1", "core-js:75.79!1"];["jQuery:98.92!1", "Bootstrap:83.65!1", "core-js:75.79!1"];["jQuery:98.82!1", "Bootstrap:83.65!1", "core-js:75.79!1"];1435;925;674;1643;1131;983;1085;1121
giphy.com;138;https://www.giphy.com;["Lo-Dash@4.17.1", "core-js@3.26.1", "Hammer.js@2.0.7", "Underscore", "React"];["Lo-Dash:100.00!1", "Hammer.js:100.00!1", "Underscore:96.67!1"];["Lo-Dash:100.00!1", "Hammer.js:100.00!1", "Underscore:93.33!1"];["Hammer.js:100.00!1", "Lo-Dash:100.00!1", "Underscore:92.22!1", "core-js:80.54!1"];["Lo-Dash:100.01!1", "core-js:96.02!1", "Hammer.js:92.85!1", "Underscore:91.97!1"];["Lo-Dash:100.01!1", "Hammer.js:97.95!1", "Underscore:93.62!1", "core-js:75.56!1"];["Lo-Dash:100.01!1", "Hammer.js:97.95!1", "Underscore:93.10!1", "core-js:75.56!1"];["Lo-Dash:100.00!1", "Hammer.js:97.95!1", "Underscore:93.10!1", "core-js:75.56!1"];["Lo-Dash:100.00!1", "Hammer.js:97.95!1", "Underscore:93.10!1", "core-js:75.56!1"];78;79;88;111;79;71;73;70
disney.com;143;https://www.disney.com;["jQuery@3.5.1", "Underscore@1.13.1", "Backbone@1.4.0", "jQuery Tools", "core-js:87.64!1", "Modernizr@2.7.1"];["Backbone:100.00!1", "jQuery:100.00!1", "Underscore:96.67!1", "jQuery Tools:95.70!1", "Modernizr:66.67!1"];["jQuery:100.00!1", "Backbone:99.23!1", "Underscore:97.78!1", "jQuery Tools:93.87!1", "Modernizr:74.78!1"];["jQuery:99.91!1", "Underscore:98.89!1", "Backbone:97.70!1", "jQuery Tools:89.13!1", "core-js:74.32!1", "Modernizr:72.44!1"];["jQuery:99.87!1", "Underscore:98.75!1", "Backbone:91.12!1", "jQuery Tools:88.92!1", "core-js:87.64!1", "Modernizr:75.92!1"];["jQuery:99.89!1", "Underscore:99.32!1", "Backbone:94.45!1", "Modernizr:66.99!1", "core-js:65.22!1", "jQuery Tools:51.91!1"];["jQuery:99.81!1", "Underscore:97.57!1", "Backbone:94.45!1", "Modernizr:66.99!1", "core-js:65.22!1"];["jQuery:98.98!1", "Underscore:97.57!1", "Backbone:94.45!1", "Modernizr:66.99!1", "core-js:65.22!1"];["jQuery:98.87!1", "Underscore:97.57!1", "Backbone:94.45!1", "Modernizr:66.99!1", "core-js:65.22!1"];141;144;157;229;142;134;139;148
ford.com;147;https://www.ford.com;["Hammer.js@2.0.8", "core-js@3.6.5", "jQuery@1.12.4"];["jQuery:100.00!1", "Hammer.js:97.92!1"];["jQuery:100.00!1", "Hammer.js:98.41!1"];["jQuery:99.91!1", "Hammer.js:99.08!1", "core-js:71.22!1"];["jQuery:99.77!1", "Hammer.js:92.36!1", "core-js:86.54!1"];["jQuery:99.81!1", "Hammer.js:97.50!1", "core-js:62.26!1"];["jQuery:99.65!1", "Hammer.js:97.50!1", "core-js:62.26!1"];["jQuery:98.55!1", "Hammer.js:97.50!1", "core-js:62.26!1"];["jQuery:98.39!1", "Hammer.js:97.50!1", "core-js:62.26!1"];219;210;222;382;217;197;203;202
accuweather.com;149;https://www.accuweather.com;["Zepto.js", "Underscore", "core-js", "jQuery", "Backbone"];["Underscore:96.67!2", "jQuery:76.03!2"];["Underscore:93.33!2", "jQuery:77.28!2"];["Zepto.js:99.59!2", "Underscore:93.33!2", "Backbone:78.16!2", "jQuery:77.00!2", "core-js:70.45!2"];["Zepto.js:96.81!3", "Underscore:92.58!2", "core-js:90.94!2", "jQuery:77.88!2", "Backbone:65.58!3"];["Zepto.js:98.80!2", "Underscore:92.03!2", "jQuery:66.04!2", "Backbone:65.58!2", "core-js:61.64!2"];["Underscore:92.93!2", "jQuery:66.63!2", "core-js:61.64!2"];["Underscore:92.93!2", "jQuery:63.70!2", "core-js:61.64!2"];["Underscore:92.93!2", "core-js:63.54!3", "jQuery:61.75!2"];5856;4490;8606;4232;9771;7395;5509;5406
ny.gov;151;https://www.ny.gov;["jQuery@3.6.0", "Moment.js@2.29.4", "core-js@3.26.1", "Underscore@1.6.0", "jQuery UI@1.13.2"];["Moment.js:100.00!1", "jQuery:100.00!1", "Underscore:100.00!1"];["jQuery:100.00!1", "Underscore:100.00!1", "Moment.js:99.77!1", "jQuery UI:79.56!1"];["Underscore:100.00!1", "jQuery:99.91!1", "Moment.js:99.80!1", "core-js:80.54!1", "jQuery UI:77.62!1"];["jQuery:99.87!1", "Moment.js:99.83!1", "core-js:93.82!1", "Underscore:91.35!1", "jQuery UI:77.08!1"];["jQuery:99.89!1", "Moment.js:99.81!1", "Underscore:99.64!1", "core-js:74.61!1", "jQuery UI:73.93!1"];["Moment.js:99.84!1", "jQuery:99.81!1", "Underscore:97.57!1", "core-js:74.61!1", "jQuery UI:70.63!1"];["Moment.js:99.84!1", "jQuery:98.98!1", "Underscore:97.57!1", "core-js:74.61!1", "jQuery UI:53.31!1"];["Moment.js:99.84!1", "jQuery:98.90!1", "Underscore:97.57!1", "core-js:74.61!1", "jQuery UI:50.94!1"];89;90;90;83;88;84;85;87
amctheatres.com;153;https://www.amctheatres.com;["React", "Hammer.js", "core-js"];["core-js:100.00!1", "Hammer.js:100.00!1"];["core-js:100.00!1", "Hammer.js:100.00!1"];["core-js:100.00!1", "Hammer.js:100.00!1"];["core-js:98.90!1", "Hammer.js:92.85!1"];["core-js:99.87!1", "Hammer.js:97.95!1"];["core-js:99.58!1", "Hammer.js:97.95!1"];["core-js:99.42!1", "Hammer.js:97.95!1"];["core-js:99.42!1", "Hammer.js:97.95!1"];104;105;103;99;104;99;100;96
akc.org;154;https://www.akc.org;["jQuery@3.6.1", "Underscore@1.13.6", "core-js", "Backbone@1.4.1"];["Backbone:100.00!1", "jQuery:100.00!1", "Underscore:100.00!1"];["jQuery:100.00!1", "Backbone:100.00!1", "Underscore:100.00!1"];["Underscore:100.00!1", "jQuery:99.91!1", "Backbone:98.28!1", "core-js:77.42!1"];["jQuery:99.87!1", "Underscore:99.37!1", "core-js:94.92!1", "Backbone:91.58!1"];["jQuery:99.89!1", "Underscore:99.64!1", "Backbone:94.91!1", "core-js:70.56!1"];["jQuery:99.81!1", "Underscore:97.74!1", "Backbone:94.91!1", "core-js:70.56!1"];["jQuery:98.98!1", "Underscore:97.74!1", "Backbone:94.91!1", "core-js:70.56!1"];["jQuery:98.89!1", "Underscore:97.74!1", "Backbone:94.91!1", "core-js:70.56!1"];162;161;162;163;165;182;168;159
ncaa.com;155;https://www.ncaa.com;["Lo-Dash@4.17.21", "jQuery@3.6.0", "Handlebars@4.7.7", "core-js", "Backbone@1.4.1", "React", "Underscore", "jQuery UI@1.13.1"];["Backbone:100.00!1", "jQuery:100.00!1", "Lo-Dash:100.00!1", "Handlebars:100.00!1", "Underscore:96.67!1", "core-js:95.69!1", "jQuery UI:88.85!1"];["jQuery:100.00!1", "Handlebars:100.00!1", "Backbone:100.00!1", "Lo-Dash:100.00!1", "core-js:96.88!1", "Underscore:95.55!2", "jQuery UI:88.55!1"];["Lo-Dash:100.00!1", "jQuery:99.96!1", "Handlebars:99.74!1", "Backbone:98.28!1", "Underscore:96.67!2", "core-js:95.28!1", "jQuery UI:86.37!1"];["Lo-Dash:100.01!1", "jQuery:99.87!1", "Handlebars:99.59!1", "core-js:98.90!1", "Underscore:96.90!2", "Backbone:91.58!1", "jQuery UI:85.05!1"];["Lo-Dash:100.01!1", "jQuery:99.93!1", "Handlebars:98.30!1", "Underscore:95.83!2", "Backbone:94.91!1", "core-js:91.86!1", "jQuery UI:80.95!1"];["Lo-Dash:100.01!1", "jQuery:99.88!1", "Handlebars:98.30!1", "Underscore:95.34!2", "Backbone:94.91!1", "core-js:93.35!1", "jQuery UI:75.17!1"];["Lo-Dash:100.00!1", "jQuery:99.03!1", "Handlebars:98.30!1", "Underscore:95.34!2", "Backbone:94.91!1", "core-js:92.75!1", "jQuery UI:50.15!1"];["Lo-Dash:100.00!1", "jQuery:98.94!1", "Handlebars:98.30!1", "Underscore:95.34!2", "Backbone:94.91!1", "core-js:92.75!1"];9316;9546;8388;5730;9102;9214;10006;9944
state.gov;159;https://www.state.gov;["jQuery@3.3.1", "Underscore@1.13.6", "core-js", "Backbone@1.14.1"];["Backbone:100.00!1", "jQuery:100.00!1", "Underscore:100.00!1", "core-js:95.69!1"];["jQuery:100.00!1", "Backbone:100.00!1", "Underscore:100.00!1", "core-js:96.88!1"];["Underscore:100.00!1", "jQuery:99.91!1", "Backbone:98.28!1", "core-js:95.28!1"];["jQuery:99.87!1", "Underscore:99.37!1", "core-js:98.90!1", "Backbone:91.58!1"];["jQuery:99.89!1", "Underscore:99.64!1", "Backbone:94.91!1", "core-js:93.90!1"];["jQuery:99.75!1", "Underscore:97.74!1", "Backbone:94.91!1", "core-js:93.80!1"];["jQuery:98.92!1", "Underscore:97.74!1", "Backbone:94.91!1", "core-js:92.88!1"];["jQuery:98.76!1", "Underscore:97.74!1", "Backbone:94.91!1", "core-js:92.88!1"];140;153;145;144;146;153;147;290
istockphoto.com;160;https://www.istockphoto.com;["jQuery@2.2.4", "AngularJS@1.14.4", "jQuery UI@1.12.1", "core-js@3.0.0"];["jQuery:100.00!1", "AngularJS:100.00!1", "jQuery UI:90.87!1"];["AngularJS:100.00!1", "jQuery:100.00!1", "jQuery UI:90.54!1"];["jQuery:99.91!1", "AngularJS:99.25!1", "jQuery UI:90.57!1", "core-js:70.45!1"];["jQuery:99.77!1", "AngularJS:93.96!1", "jQuery UI:88.26!1", "core-js:86.54!1"];["jQuery:99.81!1", "jQuery UI:87.13!1", "AngularJS:85.68!1", "core-js:61.64!1"];["jQuery:99.65!1", "AngularJS:85.68!1", "jQuery UI:80.68!1", "core-js:61.64!1"];["jQuery:98.55!1", "AngularJS:85.68!1", "core-js:61.64!1", "jQuery UI:52.13!1"];["jQuery:98.42!1", "AngularJS:85.68!1", "core-js:61.64!1"];148;152;154;137;143;142;130;216
aa.com;162;https://www.aa.com;["jQuery@1.12.4", "jQuery UI@1.10.4", "core-js@3.0.0", "Modernizr@3.11.7"];["jQuery:100.00!1", "Modernizr:100.00!1", "jQuery UI:100.00!1"];["jQuery:100.00!1", "jQuery UI:100.00!1", "Modernizr:89.19!1"];["jQuery:99.91!1", "jQuery UI:99.89!1", "Modernizr:82.69!1", "core-js:70.45!1"];["jQuery:99.77!1", "jQuery UI:99.23!1", "core-js:86.54!1", "Modernizr:72.25!1"];["jQuery:99.81!1", "jQuery UI:98.97!1", "Modernizr:66.26!1", "core-js:61.64!1"];["jQuery:99.65!1", "jQuery UI:97.67!1", "Modernizr:66.26!1", "core-js:61.64!1"];["jQuery:98.55!1", "jQuery UI:90.36!1", "Modernizr:66.26!1", "core-js:61.64!1"];["jQuery:98.38!1", "jQuery UI:87.33!1", "Modernizr:66.26!1", "core-js:61.64!1"];248;232;229;227;218;243;226;402
goodreads.com;164;https://www.goodreads.com;["WebFont Loader", "Prototype@1.7", "jQuery@1.11.1", "yepnope", "React@0.14.3", "Modernizr@3.6.0"];["Prototype:100.00!1", "jQuery:100.00!1", "yepnope:100.00!1", "WebFont Loader:100.00!1", "React:73.53!1", "Modernizr:66.67!1"];["jQuery:100.00!1", "WebFont Loader:100.00!1", "Prototype:100.00!1", "yepnope:91.67!1", "React:72.65!1", "Modernizr:66.67!1"];["Prototype:100.00!1", "WebFont Loader:100.00!1", "jQuery:99.91!1", "yepnope:91.67!1", "React:73.46!1", "Modernizr:66.67!1"];["WebFont Loader:100.00!1", "Prototype:99.81!1", "jQuery:99.67!1", "yepnope:91.67!1", "Modernizr:66.67!1", "React:59.93!1"];["WebFont Loader:100.00!1", "Prototype:99.95!1", "jQuery:99.74!1", "yepnope:91.67!1", "Modernizr:60.00!1", "React:59.93!1"];["WebFont Loader:100.00!1", "jQuery:99.58!1", "Prototype:99.12!1", "yepnope:91.67!1", "Modernizr:60.00!1", "React:59.93!1"];["WebFont Loader:100.00!1", "jQuery:98.32!1", "Prototype:97.80!1", "yepnope:91.67!1", "Modernizr:60.00!1", "React:59.93!1"];["WebFont Loader:100.00!1", "jQuery:98.20!1", "Prototype:97.80!1", "yepnope:91.67!1", "Modernizr:60.00!1", "React:59.93!1"];156;172;166;152;165;157;162;281
kayak.com;170;https://www.kayak.com;["jQuery@3.1.1", "Moment.js@2.18.1", "React@17.0.2"];["Moment.js:100.00!1", "jQuery:100.00!1", "React:100.00!1"];["React:100.00!1", "jQuery:100.00!1", "Moment.js:99.54!1"];["jQuery:99.91!1", "Moment.js:99.59!1", "React:98.14!1"];["jQuery:99.87!1", "Moment.js:97.88!1", "React:93.43!1"];["jQuery:99.89!1", "Moment.js:99.65!1", "React:96.16!1"];["jQuery:99.75!1", "Moment.js:99.69!1", "React:96.16!1"];["Moment.js:99.69!1", "jQuery:98.88!1", "React:96.16!1"];["Moment.js:99.69!1", "jQuery:98.74!1", "React:96.16!1"];140;135;138;141;132;147;133;231
washingtonpost.com;175;https://www.washingtonpost.com;["React", "Pusher"];[];[];[];["Pusher:99.20!1"];[];[];[];["core-js:73.85!1"];97;108;100;94;102;98;96;155
fandango.com;178;https://www.fandango.com;["jQuery@3.5.1", "Isotope", "Hammer.js@2.0.7", "core-js@3.0.0"];["Isotope:100.00!1", "jQuery:100.00!1", "Hammer.js:100.00!1"];["jQuery:100.00!1", "Isotope:100.00!1", "Hammer.js:100.00!1"];["Hammer.js:100.00!1", "Isotope:100.00!1", "jQuery:99.91!1", "core-js:70.45!1"];["jQuery:99.87!1", "Isotope:95.54!1", "Hammer.js:92.85!1", "core-js:86.54!1"];["jQuery:99.89!1", "Hammer.js:97.95!1", "Isotope:97.01!1", "core-js:61.64!1"];["jQuery:99.81!1", "Hammer.js:97.95!1", "Isotope:97.12!1", "core-js:61.64!1"];["jQuery:98.98!1", "Hammer.js:97.95!1", "Isotope:97.12!1", "core-js:61.64!1"];["jQuery:98.87!1", "Hammer.js:97.95!1", "Isotope:97.12!1", "core-js:61.64!1"];1169;1024;950;829;1029;866;952;1067
study.com;182;https://www.study.com;["jQuery@1.11.1", "RequireJS@2.3.2", "AngularJS@1.7.8", "Underscore@1.8.3", "core-js@3.0.0"];["jQuery:100.00!1", "AngularJS:100.00!1", "RequireJS:100.00!1", "Underscore:96.67!1"];["AngularJS:100.00!1", "jQuery:100.00!1", "RequireJS:98.52!1", "Underscore:95.55!1"];["AngularJS:100.01!1", "jQuery:99.91!1", "RequireJS:98.66!1", "Underscore:96.67!1", "core-js:70.45!1"];["jQuery:99.67!1", "RequireJS:98.88!1", "AngularJS:98.22!1", "Underscore:96.90!1", "core-js:86.54!1"];["jQuery:99.74!1", "RequireJS:98.86!1", "Underscore:95.83!1", "AngularJS:89.71!1", "core-js:61.64!1"];["jQuery:99.58!1", "RequireJS:98.86!1", "Underscore:95.34!1", "AngularJS:89.71!1", "core-js:61.64!1"];["RequireJS:98.86!1", "jQuery:98.35!1", "Underscore:95.34!1", "AngularJS:89.71!1", "core-js:61.64!1"];["RequireJS:98.86!1", "jQuery:98.20!1", "Underscore:95.34!1", "AngularJS:89.71!1", "core-js:61.64!1"];142;137;137;130;137;133;135;221
bedbathandbeyond.com;184;https://www.bedbathandbeyond.com;["AMP"];["AMP:100.00!1"];["AMP:99.78!1"];["AMP:91.51!3"];["AMP:91.04!1"];["AMP:89.17!3"];["AMP:87.89!3"];["AMP:86.76!3"];["AMP:85.47!3"];134;133;138;120;121;116;124;202
booking.com;189;https://www.booking.com;["jQuery@1.11.3", "Underscore@1.8.3"];["jQuery:100.00!1", "Underscore:96.67!1", "RequireJS:66.67!3"];["jQuery:100.00!1", "Underscore:95.55!1", "RequireJS:67.41!2"];["jQuery:99.91!1", "Underscore:96.67!1", "RequireJS:67.34!2"];["jQuery:99.67!1", "Underscore:96.90!1", "Closure Library:67.17!1", "RequireJS:52.57!2"];["jQuery:99.74!1", "Underscore:95.83!1", "Closure Library:57.15!1", "RequireJS:52.57!2"];["jQuery:99.58!1", "Underscore:95.34!1", "RequireJS:52.57!2", "Closure Library:51.62!1"];["jQuery:98.35!1", "Underscore:95.34!1", "RequireJS:52.57!2", "Closure Library:51.62!1"];["jQuery:98.20!1", "Underscore:95.34!1", "RequireJS:52.57!2", "Closure Library:51.62!1"];166;165;161;148;167;149;159;264
capitalone.com;191;https://www.capitalone.com;["Angular@12.2.3", "Hammer.js@2.0.7", "core-js@3.2.1"];["Hammer.js:100.00!1"];["Hammer.js:100.00!1"];["Hammer.js:100.00!1"];["Hammer.js:92.85!1", "core-js:90.52!1"];["Hammer.js:97.95!1"];["Hammer.js:97.95!1"];["Hammer.js:97.95!1"];["Hammer.js:97.95!1"];186;187;187;163;175;171;164;254
hbomax.com;192;https://www.hbomax.com;["React", "Lo-Dash@4.17.21", "Underscore", "core-js"];["Lo-Dash:100.00!1", "Underscore:96.67!1"];["Lo-Dash:100.00!1", "Underscore:93.33!1"];["Lo-Dash:100.00!1", "Underscore:92.22!1", "core-js:76.65!1"];["Lo-Dash:100.01!1", "Underscore:91.97!1", "core-js:89.42!1"];["Lo-Dash:100.01!1", "Underscore:93.62!1", "core-js:67.56!1"];["Lo-Dash:100.01!1", "Underscore:93.10!1", "core-js:67.56!1"];["Lo-Dash:100.00!1", "Underscore:93.10!1", "core-js:67.56!1"];["Lo-Dash:100.00!1", "Underscore:93.10!1", "core-js:67.56!1"];924;943;927;785;938;882;918;1171
noaa.gov;194;https://www.noaa.gov;["jQuery@3.6.3", "Handlebars@4.0.4", "Modernizr@3.3.1"];["jQuery:100.00!1", "Handlebars:100.00!1", "Modernizr:94.76!1"];["jQuery:100.00!1", "Handlebars:100.00!1", "Modernizr:83.95!1"];["jQuery:99.96!1", "Handlebars:98.98!1", "Modernizr:77.45!1"];["jQuery:99.92!1", "Handlebars:97.17!1", "Modernizr:72.25!1"];["jQuery:99.93!1", "Handlebars:96.14!1", "Modernizr:60.86!1"];["jQuery:99.88!1", "Handlebars:96.14!1", "Modernizr:60.86!1"];["jQuery:99.03!1", "Handlebars:96.14!1", "Modernizr:60.86!1"];["jQuery:98.95!1", "Handlebars:96.14!1", "Modernizr:60.86!1"];63;68;65;65;64;62;62;105
xbox.com;196;https://www.xbox.com;["Lo-Dash@4.17.21", "jQuery@3.4.1", "RequireJS@2.1.15", "Underscore", "core-js", "jQuery UI@1.8.5", "Modernizr@3.3.1"];["jQuery:100.00!1", "Lo-Dash:100.00!1", "RequireJS:100.00!1", "Underscore:96.67!1", "jQuery UI:94.90!1", "Modernizr:66.67!1"];["jQuery:100.00!1", "Lo-Dash:100.00!1", "RequireJS:98.52!1", "jQuery UI:94.04!1", "Underscore:93.33!1", "Modernizr:66.67!1"];["Lo-Dash:100.00!1", "jQuery:99.91!1", "RequireJS:98.66!1", "Underscore:92.22!1", "jQuery UI:92.05!1", "core-js:73.55!1", "Modernizr:66.67!1"];["Lo-Dash:100.01!1", "jQuery:99.87!1", "RequireJS:98.88!1", "Underscore:91.97!1", "core-js:90.94!1", "jQuery UI:90.48!1", "Modernizr:69.13!1"];["Lo-Dash:100.01!1", "jQuery:99.89!1", "RequireJS:98.77!1", "Underscore:93.62!1", "jQuery UI:89.44!1", "core-js:66.02!1", "Modernizr:58.36!1"];["Lo-Dash:100.01!1", "jQuery:99.75!1", "RequireJS:98.77!1", "Underscore:93.10!1", "jQuery UI:84.19!1", "core-js:66.02!1", "Modernizr:58.36!1"];["Lo-Dash:100.00!1", "jQuery:98.92!1", "RequireJS:98.77!1", "Underscore:93.10!1", "core-js:66.02!1", "Modernizr:58.36!1", "jQuery UI:54.78!1"];["Lo-Dash:100.00!1", "jQuery:98.82!1", "RequireJS:98.77!1", "Underscore:93.10!1", "core-js:66.02!1", "Modernizr:58.36!1"];158;159;163;151;160;157;159;321
carmax.com;199;https://www.carmax.com;["React", "Lo-Dash@4.17.21", "core-js@3.0.0", "Underscore"];["Lo-Dash:100.00!1", "Underscore:96.67!1"];["Lo-Dash:100.00!1", "Underscore:93.33!1"];["Lo-Dash:100.00!1", "Underscore:92.22!1", "core-js:70.45!1"];["Lo-Dash:100.01!1", "Underscore:91.97!1", "core-js:86.54!1"];["Lo-Dash:100.01!1", "Underscore:93.62!1", "core-js:61.64!1"];["Lo-Dash:100.01!1", "Underscore:93.10!1", "core-js:61.64!1"];["Lo-Dash:100.00!1", "Underscore:93.10!1", "core-js:61.64!1"];["Lo-Dash:100.00!1", "Underscore:93.10!1", "core-js:61.64!1"];144;151;152;144;156;151;142;286
